Distance_km,Time_of_Day,Weather,Num_Items,Peak_Hour,Delivery_Time_min
8.00,Morning,Cloudy,5,No,56.00
2.50,Morning,Cloudy,2,No,34.10
1.30,Morning,Sunny,4,No,29.80
1.30,Afternoon,Cloudy,7,No,35.90
7.50,Morning,Sunny,7,No,55.60
2.70,Evening,Sunny,2,Yes,39.90
4.80,Evening,Sunny,8,Yes,63.00
5.20,Evening,Cloudy,6,Yes,61.60
1.50,Afternoon,Rainy,2,No,38.70
10.50,Night,Rainy,8,No,79.20
5.00,Evening,Rainy,4,Yes,63.30
8.50,Morning,Cloudy,3,No,56.40
3.70,Night,Rainy,5,No,52.90
8.00,Afternoon,Cloudy,6,No,62.50
9.50,Afternoon,Sunny,6,No,61.30
1.70,Evening,Sunny,8,Yes,51.70
6.00,Evening,Sunny,4,No,46.50
9.20,Night,Cloudy,7,No,64.70
12.00,Afternoon,Cloudy,8,No,74.10
1.50,Morning,Sunny,3,No,31.00
5.60,Morning,Rainy,7,No,60.00
6.10,Evening,Cloudy,1,Yes,51.10
10.70,Evening,Cloudy,6,Yes,78.70
6.00,Evening,Cloudy,3,Yes,54.30
7.90,Afternoon,Sunny,6,No,58.60
6.90,Morning,Cloudy,6,No,55.90
2.20,Evening,Rainy,4,Yes,54.90
11.40,Morning,Cloudy,8,No,77.80
11.80,Afternoon,Sunny,8,No,77.30
2.80,Night,Sunny,4,No,36.70
5.40,Evening,Rainy,8,Yes,68.10
4.70,Afternoon,Cloudy,4,No,40.70
8.80,Morning,Sunny,2,No,55.60
10.50,Morning,Cloudy,4,No,63.20
6.30,Afternoon,Cloudy,8,No,55.40
6.20,Night,Sunny,2,No,40.10
5.70,Night,Rainy,8,No,64.30
1.60,Morning,Sunny,7,No,38.00
9.80,Morning,Sunny,4,No,57.00
5.90,Night,Sunny,5,No,47.40
10.60,Morning,Rainy,2,No,64.10
12.00,Morning,Sunny,4,No,64.50
6.30,Afternoon,Rainy,1,No,48.20
1.00,Night,Rainy,8,No,43.20
8.70,Night,Sunny,4,No,54.00
11.70,Morning,Cloudy,6,No,69.20
7.40,Afternoon,Sunny,2,No,50.30
1.80,Morning,Cloudy,4,No,33.70
11.40,Afternoon,Cloudy,1,No,63.70
5.60,Evening,Rainy,4,Yes,62.30
